snp_id	chrom_x	pos_x	beta	SE	z	p_value	MAF	chrom_y	pos_y	chrom	pos	-log10p	x
rs100696	12	169600	0.919197833248708	0.2500293460545815	3.676359786375022	0.0002365857939658	0.455	12	169600	NA	0	3.6260113365782876	0.0
rs100908	4	190800	1.069148802821306	0.3032125522114431	3.5260703919531102	0.0004217748477069	0.1625	4	190800	NA	0	3.3749193227183967	0.0
rs100021	8	102100	-0.8464710381662142	0.2524019769687463	-3.3536624725844697	0.0007974957863763	0.4425	8	102100	NA	0	3.0982716028894095	0.0
rs100518	17	151800	0.9240840121978782	0.2913940045197919	3.1712526608800315	0.00151783063393	0.2	17	151800	NA	0	2.818776686183126	0.0
rs100274	18	127400	0.8372221777888119	0.2787238742149717	3.0037691609549264	0.0026665756159357	0.2025	18	127400	NA	0	2.57404609654214	0.0
rs100284	7	128400	0.9883414499206856	0.3355755505082464	2.945212928724372	0.003227324778888	0.125	7	128400	NA	0	2.491157327567444	0.0
rs100420	18	142000	0.7535314831407947	0.2722958385201636	2.767326475630274	0.0056518124352484	0.2	18	142000	NA	0	2.247812259365636	0.0
rs100037	3	103700	0.6868003137387212	0.2511837286105527	2.734254792449432	0.0062521643600306	0.29	3	103700	NA	0	2.20396961355175	0.0
rs101500	9	250000	0.9044182203863576	0.3398937168919244	2.660885375159595	0.0077935483784181	0.105	9	250000	NA	0	2.1082647643687964	0.0
rs100894	12	189400	0.604704740091001	0.2290792847502787	2.6397181253215227	0.0082975008033782	0.305	12	189400	NA	0	2.081052696870223	0.0
rs100785	10	178500	-0.6381593084636981	0.2525536266509485	-2.5268269433552457	0.011509820231909	0.4	10	178500	NA	0	1.9389314594196985	0.0
rs101908	21	290800	0.7078187249679275	0.2821092076071974	2.509023831485425	0.0121065316339513	0.2025	21	290800	NA	0	1.916980258837317	0.0
rs100634	15	163400	0.7226958033610816	0.2885261600408184	2.5047843261728517	0.0122526081321201	0.1275	15	163400	NA	0	1.9117714560484809	0.0
rs100006	9	100600	-0.7968028442938067	0.3191117012879699	-2.496940228383424	0.0125270069827155	0.235	9	100600	NA	0	1.902152680495242	0.0
rs100662	2	166200	0.8773611524940615	0.3514708100287657	2.4962560971201424	0.0125511950000937	0.1025	2	166200	NA	0	1.9013149230084705	0.0
rs100747	8	174700	0.6239927211124294	0.2500920857666192	2.4950518494004905	0.0125938726319163	0.29	8	174700	NA	0	1.899840703247362	0.0
rs100319	15	131900	-0.5900064727005404	0.2416766917054018	-2.441304821483341	0.0146342965345413	0.4775	15	131900	NA	0	1.8346281491105931	0.0
rs101128	18	212800	1.044545067397834	0.4286294400541003	2.4369419591570627	0.0148120566070659	0.0675	18	212800	NA	0	1.829384636881211	0.0
rs101854	6	285400	0.5853536599582891	0.2406715494144546	2.4321680787880164	0.015008740729713	0.435	6	285400	NA	0	1.8236557446041053	0.0
rs101181	3	218100	1.1143372372076528	0.4590829436296963	2.427311344649944	0.0152111956885641	0.0475	3	218100	NA	0	1.8178366465297975	0.0
